{"cameraMode":{"drawMode":0,"name":"Shaded","section":"Shading Mode"},"sceneLighting":true,"audioPlay":false,"sceneViewState":{"showFog":false,"showMaterialUpdate":false,"showSkybox":false,"showFlares":false,"showImageEffects":false,"showParticleSystems":false},"in2DMode":false,"pivot":{"x":128.4156951904297,"y":-193.7659149169922,"z":-204.58042907714845},"rotation":{"x":0.07065484672784805,"y":0.921190619468689,"z":-0.32669761776924136,"w":0.19922155141830445},"size":314.4683532714844,"orthographic":false}