{"cameraMode":{"drawMode":0,"name":"Shaded","section":"Shading Mode"},"sceneLighting":false,"audioPlay":false,"sceneViewState":{"showFog":false,"showMaterialUpdate":false,"showSkybox":false,"showFlares":false,"showImageEffects":false,"showParticleSystems":false},"in2DMode":false,"pivot":{"x":1.6038087606430054,"y":1.4065154790878297,"z":-1.4019739627838135},"rotation":{"x":0.49354425072669985,"y":0.019834162667393686,"z":-0.01126045174896717,"w":0.869422197341919},"size":8.22524356842041,"orthographic":false}