{"cameraMode":{"drawMode":0,"name":"Shaded","section":"Shading Mode"},"sceneLighting":true,"audioPlay":false,"sceneViewState":{"showFog":false,"showMaterialUpdate":false,"showSkybox":false,"showFlares":false,"showImageEffects":false,"showParticleSystems":false},"in2DMode":false,"pivot":{"x":14.647323608398438,"y":-320.1025695800781,"z":-13.295238494873047},"rotation":{"x":0.6616803407669067,"y":-0.28230488300323489,"z":0.29762548208236697,"w":0.6276205778121948},"size":341.21221923828127,"orthographic":false}