{"cameraMode":{"drawMode":0,"name":"Shaded","section":"Shading Mode"},"sceneLighting":true,"audioPlay":false,"sceneViewState":{"showFog":false,"showMaterialUpdate":false,"showSkybox":false,"showFlares":false,"showImageEffects":false,"showParticleSystems":false},"in2DMode":false,"pivot":{"x":-8.85796070098877,"y":4.717750549316406,"z":-4.893987655639648},"rotation":{"x":0.1780441403388977,"y":0.43319272994995119,"z":-0.08772631734609604,"w":0.8791775703430176},"size":3.848658561706543,"orthographic":false}