{"cameraMode":{"drawMode":0,"name":"Shaded","section":"Shading Mode"},"sceneLighting":false,"audioPlay":false,"sceneViewState":{"showFog":false,"showMaterialUpdate":false,"showSkybox":false,"showFlares":false,"showImageEffects":false,"showParticleSystems":false},"in2DMode":false,"pivot":{"x":0.8125062584877014,"y":3.941227674484253,"z":-2.124812126159668},"rotation":{"x":0.4486781060695648,"y":-0.21183305978775025,"z":0.11036432534456253,"w":0.8611825704574585},"size":3.6895124912261965,"orthographic":false}